Date,Open,High,Low,Close,Adj Close,Volume
12/1/2016,108,108.169998,107.07,107.480003,99.943932,4055600
12/2/2016,108.040001,108.57,107.480003,108.220001,100.632027,3124400
12/5/2016,108.720001,108.800003,107.360001,107.419998,99.888123,3077800
12/6/2016,107.300003,107.699997,107.080002,107.43,99.897415,2179500
12/7/2016,107.5,109.839996,107.080002,109.68,101.989662,4261800
12/8/2016,109.669998,109.68,108.139999,108.43,100.827301,3168500
12/9/2016,108.540001,109.989998,108.059998,109.790001,102.091942,3428300
12/12/2016,109.419998,110.5,108.790001,110.389999,102.649864,4478700
12/13/2016,110.879997,111.690002,110.260002,110.309998,102.575485,3807600
12/14/2016,110.349998,110.440002,109.089996,109.269997,101.608406,2761200
12/15/2016,109.040001,109.43,108.120003,108.129997,100.548332,3611100
12/16/2016,108.410004,109.260002,108.089996,108.519997,100.910988,7986200
12/19/2016,109.57,111.07,108.879997,110.82,103.049744,3838300
12/20/2016,110.93,111,110.150002,110.650002,102.89164,2256000
12/21/2016,110.940002,111.129997,110.470001,110.489998,102.742867,2078700
12/22/2016,110.580002,110.760002,109.690002,110.459999,102.714981,2087900
12/23/2016,110.349998,110.830002,110.040001,110.650002,102.89164,1303200
12/27/2016,111.040001,111.129997,110.5,110.980003,103.198517,1067300
12/28/2016,111,111.089996,110.099998,110.190002,102.46389,1894800
12/29/2016,110.279999,110.82,110.029999,110.550003,102.798668,2903600
12/30/2016,110.589996,110.790001,109.379997,109.620003,101.933861,2200500
1/3/2017,110.389999,110.959999,110,110.830002,103.059036,2739600
1/4/2017,111.459999,111.699997,110.580002,110.900002,103.12413,3091400
1/5/2017,111.169998,111.940002,110.559998,111.349998,103.542564,3344900
1/6/2017,111.419998,112.830002,111.059998,112.550003,104.658432,2622000
1/9/2017,112.699997,112.699997,111.269997,111.5,103.68206,2434100
1/10/2017,111.75,111.830002,111.059998,111.260002,103.458893,1800400
1/11/2017,111.620003,111.620003,110.580002,111,103.217102,2746200
1/12/2017,111.139999,111.139999,109.709999,110.82,103.049744,2644600
1/13/2017,110.93,111.260002,109.849998,110.220001,102.491806,2880600
1/17/2017,109.779999,110.269997,109.400002,109.970001,102.259323,2240100
1/18/2017,110.199997,110.889999,109.82,110.419998,102.677765,2600300
1/19/2017,111.029999,111.599998,110.019997,110.730003,102.966034,2828200
1/20/2017,110.949997,111.099998,110.029999,110.790001,103.021843,3134300
1/23/2017,110.839996,111.300003,109.980003,110.339996,102.603378,2296600
1/24/2017,110.68,111.690002,110.339996,111.610001,103.784325,3240000
1/25/2017,111.870003,112.510002,108.779999,110.959999,103.179916,5054000
1/26/2017,110.800003,111.489998,109.529999,110.360001,102.621986,3996000
1/27/2017,110.150002,110.900002,109.610001,109.699997,102.008247,2830000
1/30/2017,109.309998,109.599998,108.25,109.169998,101.515411,2909900
1/31/2017,109.040001,109.809998,108.389999,109.669998,101.980354,3945700
2/1/2017,109.629997,109.910004,107.900002,108.18,100.594841,4670100
2/2/2017,108.080002,108.68,106.849998,108.360001,100.762215,4714500
2/3/2017,108.529999,109.779999,108.5,109.650002,101.961761,3411200
2/6/2017,109.809998,111.25,109.68,110.68,102.91954,4229600
2/7/2017,111.379997,111.730003,110.970001,111.25,103.449577,2774400
2/8/2017,111.089996,111.089996,110.349998,110.400002,102.659195,2072300
2/9/2017,110.400002,110.720001,110,110.089996,102.370918,2654000
2/10/2017,110.25,111.260002,110.080002,111.050003,103.263603,2679200
2/13/2017,111.610001,112.099998,111.419998,112.019997,104.165581,2830800
2/14/2017,111.989998,112.32,111.449997,111.57,103.747139,2771900
2/15/2017,111.129997,112.080002,111.059998,111.910004,104.682564,2625000
2/16/2017,112.139999,112.330002,111.809998,112.07,104.832237,2802100
2/17/2017,111.93,112.330002,111.610001,112.150002,104.907059,2531800
2/21/2017,112.190002,112.800003,112.040001,112.5,105.234451,2136900
2/22/2017,112.349998,112.709999,111.720001,112.660004,105.384132,2205600
2/23/2017,112.699997,112.879997,111.970001,112.089996,104.850945,3471700
2/24/2017,111.82,112.690002,111.75,112.459999,105.197044,2917900
2/27/2017,112.589996,112.970001,112.029999,112.809998,105.524452,2731400
2/28/2017,112.970001,113.190002,112.339996,112.550003,105.281227,2942500
3/1/2017,113.639999,114.440002,113.459999,113.68,106.338264,5085500
3/2/2017,113.830002,114.040001,112.629997,112.690002,105.412186,2880800
3/3/2017,112.690002,113.43,112.169998,112.339996,105.084785,3108300
3/6/2017,111.830002,112.300003,111.540001,111.660004,104.448692,3772200
3/7/2017,111.860001,112.410004,111.5,112.279999,105.028664,2457200
3/8/2017,112.480003,112.660004,111.650002,111.75,104.532898,2581800
3/9/2017,111.870003,112.339996,107.050003,111.93,104.701271,2919800
3/10/2017,112.389999,112.580002,111.290001,112.139999,104.897705,3220200
3/13/2017,112.559998,112.730003,111.959999,112.309998,105.056717,2976300
3/14/2017,111.879997,112.169998,111.550003,111.830002,104.607735,2194800
3/15/2017,112.120003,113.300003,111.870003,113.080002,105.777008,3169100
3/16/2017,112.769997,113.220001,111.949997,112.339996,105.084785,2933800
3/17/2017,112.68,113.949997,112.269997,113.449997,106.123093,7442300
3/20/2017,113.400002,114.080002,112.830002,113.510002,106.17923,3057800
3/21/2017,113.660004,114.150002,111.980003,112.160004,104.91642,3572100
3/22/2017,112.370003,112.419998,111.419998,111.93,104.701271,2127000
3/23/2017,111.93,112.449997,111.559998,111.839996,104.617081,2287400
3/24/2017,111.980003,112.279999,111.330002,111.800003,104.579666,2249700
3/27/2017,111.080002,111.93,110.449997,111.830002,104.607735,2490800
3/28/2017,111.410004,113.150002,111.32,112.739998,105.458969,3257700
3/29/2017,112.550003,112.550003,111.910004,112.059998,104.822861,1998800
3/30/2017,111.959999,112.660004,111.849998,112.449997,105.187683,1481600
3/31/2017,112.5,112.629997,111.849998,112.209999,104.963188,2483700
4/3/2017,112.279999,112.480003,111.239998,111.93,104.701271,2123000
4/4/2017,112.269997,113.25,112.239998,112.989998,105.692802,2970900
4/5/2017,113.139999,114.379997,112.449997,112.5,105.234451,3011900
4/6/2017,112.57,112.93,112.190002,112.410004,105.150261,2185700
4/7/2017,112.629997,113.209999,112.230003,112.989998,105.692802,2064200
4/10/2017,112.989998,113.75,112.68,112.879997,105.589912,2097500
4/11/2017,112.5,113.169998,112.25,113.139999,105.833122,2393500
4/12/2017,112.779999,112.82,112.139999,112.239998,104.991257,2605100
4/13/2017,112.050003,112.699997,111.82,112.089996,104.850945,2260900
4/17/2017,112.529999,113.279999,112.300003,113.269997,105.95472,3503800
4/18/2017,112.949997,113.68,112.82,113.559998,106.225998,2721500
4/19/2017,113.949997,114.260002,112.709999,112.919998,105.627319,2566700
4/20/2017,112.959999,114.309998,112.809998,113.940002,106.581467,2472300
4/21/2017,114,115.279999,114,114.989998,107.563644,5658900
4/24/2017,115.989998,116.589996,115.730003,116.32,108.807747,3155200
4/25/2017,116.760002,117.309998,116.410004,116.870003,109.322243,3322100
4/26/2017,117.339996,119.25,116.510002,118.199997,110.566322,5102700
4/27/2017,118.360001,119.230003,118.099998,118.779999,111.108871,3404500
4/28/2017,119.190002,119.610001,118.589996,118.989998,111.305321,4477800
5/1/2017,119.040001,119.699997,118.669998,118.919998,111.239845,2557600
5/2/2017,118.949997,119.510002,118.75,119.32,111.614006,2998900
5/3/2017,119.300003,120.459999,119,120.300003,112.530716,3626100
5/4/2017,120.629997,121,120.150002,121,113.185509,3177000
5/5/2017,120.209999,121.449997,120.120003,121.349998,113.512901,2437600
5/8/2017,121.370003,121.550003,120.889999,121.080002,113.260338,2710300
5/9/2017,121.459999,121.949997,121.099998,121.459999,113.615791,1946000
5/10/2017,121.169998,121.330002,120.120003,121.019997,113.204201,2132900
5/11/2017,120.339996,121.379997,119.769997,121.279999,113.447411,2751400
5/12/2017,121.010002,121.190002,120.650002,120.830002,113.026482,2460900
5/15/2017,120.800003,121.290001,120.669998,120.919998,113.110672,2184500
5/16/2017,121.089996,121.480003,120.790001,121.400002,113.559669,2022300
5/17/2017,120.739998,120.739998,119.419998,119.580002,112.468658,3357800
5/18/2017,119.5,119.980003,117.959999,119.370003,112.271141,2585900
5/19/2017,119.75,121.349998,119.400002,121.160004,113.954697,3209100
5/22/2017,121.559998,122.050003,121.449997,121.660004,114.424965,2183100
5/23/2017,121.660004,122.480003,121.629997,122.07,114.810577,3404300
5/24/2017,122.099998,122.839996,121.849998,122.080002,114.819984,2410500
5/25/2017,122.43,122.610001,122.040001,122.25,114.979881,2736800
5/26/2017,122.309998,122.440002,121.580002,121.849998,114.603661,2126200
5/30/2017,121.800003,121.93,121.139999,121.269997,114.058159,2665900
5/31/2017,121.559998,121.580002,121,121.279999,114.067551,4118100
6/1/2017,121.199997,122.150002,121.080002,121.790001,114.547234,3214200
6/2/2017,122.07,122.849998,121.709999,122.120003,114.857613,2398100
6/5/2017,122.269997,122.349998,120.93,120.980003,113.7854,3202200
6/6/2017,120.370003,120.830002,119.660004,120.120003,112.976555,2987400
6/7/2017,120.629997,120.68,119.370003,119.779999,112.656769,1796200
6/8/2017,119.779999,120.510002,119.080002,119.940002,112.807243,3548700
6/9/2017,120.169998,120.82,119.82,120.639999,113.46563,2129200
6/12/2017,120.25,120.550003,119.349998,119.879997,112.750809,3064200
6/13/2017,119.93,120.160004,119.589996,120.059998,112.920113,2357000
6/14/2017,120.059998,120.410004,119.599998,120.010002,112.873093,1769100
6/15/2017,119.830002,120.919998,119.790001,120.75,113.569092,1947600
6/16/2017,121.110001,121.720001,120.260002,120.43,113.268105,4540900
6/19/2017,121.230003,122.260002,121,121.849998,114.603661,3393900
6/20/2017,121.559998,122.519997,121.470001,121.510002,114.283882,2683400
6/21/2017,121.970001,122.199997,121.489998,121.75,114.509605,2732400
6/22/2017,121.830002,122.959999,121.82,122.169998,114.904617,3016600
6/23/2017,122.010002,122.440002,121.489998,122.220001,114.95166,3851100
6/26/2017,122.410004,123.089996,121.809998,121.870003,114.622459,1644500
6/27/2017,121.919998,122.139999,121.510002,121.589996,114.359138,1703100
6/28/2017,122.07,122.599998,121.690002,122.5,115.215004,1801200
6/29/2017,122.419998,122.459999,120.620003,121.650002,114.41555,2358600
6/30/2017,122.010002,122.639999,121.620003,122.110001,114.848198,2410200
7/3/2017,122.610001,123.150002,122.059998,122.080002,114.819984,1156200
7/5/2017,122.370003,123.010002,122.169998,122.790001,115.487762,1738000
7/6/2017,122.559998,123,121.879997,121.889999,114.641281,3058200
7/7/2017,122.279999,122.900002,122.040001,122.610001,115.318459,1762900
7/10/2017,122.730003,123.739998,122.349998,123.059998,115.741699,2053100
7/11/2017,123.160004,123.68,122.360001,123.540001,116.193169,1953500
7/12/2017,124.019997,124.790001,123.660004,123.709999,116.35305,2376900
7/13/2017,123.669998,123.730003,122.839996,123.07,115.751114,2687900
7/14/2017,123.440002,123.639999,122.790001,123.410004,116.070892,1779500
7/17/2017,123.730003,123.730003,122.989998,123.110001,115.788734,1842400
7/18/2017,122.82,122.949997,121.93,122.629997,115.33728,1881700
7/19/2017,123.050003,123.230003,122.550003,123.080002,115.760506,1711000
7/20/2017,122.860001,123.290001,122.309998,122.449997,115.167984,1831400
7/21/2017,122.290001,123.5,121.860001,123.489998,116.146126,2472500
7/24/2017,123.489998,123.75,122.839996,123.129997,115.807541,3679800
7/25/2017,121.900002,122,119.989998,120.419998,113.258698,4801400
7/26/2017,120.419998,120.57,119.290001,119.540001,112.431046,2993900
7/27/2017,119.370003,119.419998,117.849998,118.690002,111.631592,4257300
7/28/2017,118.790001,119.449997,118.290001,118.870003,111.80088,2150800
7/31/2017,119.160004,119.339996,118.440002,118.57,111.51873,2172300
8/1/2017,119,119.25,118.360001,118.879997,111.81028,1553300
8/2/2017,118.800003,120.389999,118.660004,120.349998,113.192863,2339400
8/3/2017,120.379997,121.110001,119.860001,121.099998,113.898262,2031200
8/4/2017,121.220001,121.660004,120.650002,121.489998,114.265068,1803600
8/7/2017,119.309998,119.75,117.860001,118.519997,111.471703,4975700
8/8/2017,118.449997,118.989998,118.010002,118.190002,111.161324,2766900
8/9/2017,118.57,118.760002,117.029999,117.199997,110.230179,3183400
8/10/2017,116.889999,117.290001,116.089996,116.760002,109.81636,3158400
8/11/2017,117,117.760002,116.349998,116.889999,109.938629,2090900
8/14/2017,117.300003,117.550003,116.940002,117.150002,110.183159,1856000
8/15/2017,117.120003,117.120003,115.709999,115.959999,109.063934,2285100
8/16/2017,115.919998,118.099998,115.82,118,111.656639,3452400
8/17/2017,117.779999,117.779999,116.080002,116.099998,109.858795,2721900
8/18/2017,116.040001,116.269997,115.349998,115.480003,109.27211,2760400
8/21/2017,115.620003,115.699997,114.68,115.279999,109.08287,1913200
8/22/2017,115.580002,115.830002,115.029999,115.690002,109.470825,2406500
8/23/2017,115.410004,118.870003,114.93,117.029999,110.738785,6203500
8/24/2017,117.209999,117.209999,114.949997,115.300003,109.101799,4331000
8/25/2017,115.779999,116.089996,115.019997,115.07,108.884155,2246100
8/28/2017,115.290001,115.779999,115.190002,115.330002,109.130173,3479900
8/29/2017,115.059998,118.739998,114.440002,118.699997,112.319008,5572900
8/30/2017,118.949997,119.860001,118.309998,119.599998,113.170631,5214300
8/31/2017,119.629997,120.190002,118.809998,119.720001,113.284187,3979000
9/1/2017,119.739998,120.160004,117.82,117.919998,111.58094,2644700
9/5/2017,115.589996,115.900002,111.129997,111.209999,105.231651,14218200
9/6/2017,111,111.089996,109.099998,109.610001,103.717667,9189100
9/7/2017,109.610001,110.07,109.099998,109.980003,104.06778,5153100
9/8/2017,110.110001,110.339996,109.349998,109.550003,103.660896,4404100
9/11/2017,110.010002,110.730003,109.279999,109.639999,103.746056,5623200
9/12/2017,110.07,110.309998,109.699997,109.860001,103.954239,3966400
9/13/2017,110.150002,110.470001,109.809998,110.279999,104.351654,3820900
9/14/2017,110.269997,113.279999,110.099998,113.139999,107.057907,7032800
9/15/2017,113.730003,113.919998,112.730003,113.080002,107.001129,6529600
9/18/2017,113.400002,113.639999,112.650002,112.769997,106.707787,4039600
9/19/2017,113,113.650002,112.760002,113.650002,107.540482,3328400
9/20/2017,113.230003,114.230003,113.220001,114.099998,107.966293,3435300
9/21/2017,114.18,114.830002,113.57,114.5,108.344795,2565200
9/22/2017,114.419998,115.120003,114.129997,115.010002,108.827377,2833400
9/25/2017,114.919998,115,113.709999,114.290001,108.14608,3700100
9/26/2017,114.580002,115.010002,114.230003,114.720001,108.552963,4020200
9/27/2017,114.860001,117.459999,114.839996,117.18,110.88073,5575500
9/28/2017,116.989998,117.040001,115.379997,115.839996,109.612755,6029200
9/29/2017,115.32,116.129997,114.489998,116.080002,109.839867,3270400
10/2/2017,116.139999,117.650002,115.940002,117.580002,111.259224,2330800
10/3/2017,118,118,117.279999,117.709999,111.382233,2211100
10/4/2017,117.870003,118.220001,117.519997,117.629997,111.306534,2799900
10/5/2017,117.629997,118.330002,117.440002,118.169998,111.817505,2676500
10/6/2017,117.900002,118.279999,117.599998,118.230003,111.87429,1790100
10/9/2017,118.290001,118.879997,118.089996,118.629997,112.252777,1749500
10/10/2017,118.610001,118.82,117.75,118.120003,111.770195,2664600
10/11/2017,118.309998,118.599998,117.43,117.75,111.420082,3085900
10/12/2017,117.669998,118.93,117.629997,118.82,112.432549,2375600
10/13/2017,119.07,119.949997,118.720001,118.720001,112.337944,3472500
10/16/2017,118.839996,119.5,118.400002,119.010002,112.61235,2163600
10/17/2017,118.629997,119.370003,118.18,119.360001,112.943542,2026500
10/18/2017,119.5,119.5,118.599998,119.18,112.773201,1855600
10/19/2017,119.099998,119.529999,118.220001,119.489998,113.066544,1631700
10/20/2017,119.959999,120.93,119.760002,120.93,114.429146,2514700
10/23/2017,120.760002,121.18,120.470001,120.889999,114.391289,2577600
10/24/2017,119.949997,123.279999,118.949997,119.739998,113.303108,5432500
10/25/2017,119.709999,120.290001,118.870003,118.989998,112.593422,3687300
10/26/2017,119.449997,120.07,119,119.93,113.482887,3380800
10/27/2017,119.620003,119.949997,118.959999,119.07,112.669128,2852800
10/30/2017,119.410004,120.529999,118.849998,119.830002,113.388268,4432400
10/31/2017,120.040001,120.239998,119.5,119.760002,113.322021,3440600
11/1/2017,120.550003,121,119.93,120.120003,113.662682,2690600
11/2/2017,120.089996,121.510002,119.709999,121.459999,114.930634,1963100
11/3/2017,121.75,121.75,120.379997,121.07,114.5616,2405700
11/6/2017,121.260002,121.459999,120.370003,120.389999,113.918182,2415600
11/7/2017,120.669998,121.459999,120.379997,120.75,114.258812,1853600
11/8/2017,120.519997,120.989998,120.010002,120.279999,113.814079,2011000
11/9/2017,120.279999,120.349998,118.089996,118.370003,112.00676,2815000
11/10/2017,118,118.480003,118,118.110001,111.760719,3122500
11/13/2017,117.949997,118,116.919998,117.07,110.776634,2216900
11/14/2017,117.07,119.019997,117,118.800003,112.413635,2857900
11/15/2017,118.269997,118.379997,116.580002,117.57,111.249771,2628000
11/16/2017,117.300003,118.209999,117.099998,117.889999,112.220711,2121600
11/17/2017,117.489998,117.629997,116.480003,116.529999,110.926102,2808700
11/20/2017,116.830002,117.18,116.300003,116.379997,110.783318,2914900
11/21/2017,116.470001,117.629997,116.470001,117.040001,111.411591,2493000
11/22/2017,117,117.190002,116.550003,116.730003,111.116501,2860600
11/24/2017,117,117.160004,116.349998,116.910004,111.287842,1486400
11/27/2017,116.82,117.220001,116.440002,117.120003,111.48774,2569500
11/28/2017,117.449997,118.019997,116.900002,117.709999,112.049362,2733700
11/29/2017,117.839996,118.459999,117.669998,118.160004,112.47773,2769300
11/30/2017,118.93,121.75,118.610001,121.449997,115.609505,5374400
12/1/2017,121.660004,121.949997,118.790001,120.120003,114.343475,3881800
12/4/2017,121.18,121.93,120.019997,120.040001,114.267326,2756900
12/5/2017,121.989998,122.529999,120.199997,120.290001,114.505295,3149300
12/6/2017,121.160004,121.400002,120.370003,121.199997,115.371536,2607400
12/7/2017,121.32,122.830002,121.059998,122.400002,116.51384,3608300
12/8/2017,122.400002,123.089996,122.260002,122.809998,116.904099,2999700
12/11/2017,122.93,123.529999,122.5,123.300003,117.370552,3137500
12/12/2017,123.529999,124.160004,122.970001,123.480003,117.541885,3528300
12/13/2017,123.5,124.709999,123.279999,124.300003,118.322449,5207100
12/14/2017,124.510002,124.870003,123.400002,123.760002,117.808426,3033600
12/15/2017,124.800003,126.440002,124.160004,126.169998,120.102524,6193600
12/18/2017,126.739998,127.540001,126.269997,126.709999,120.616547,4225100
12/19/2017,127.209999,127.209999,125.629997,126.779999,120.683189,3643100
12/20/2017,127.370003,127.889999,126.290001,127,120.892609,3270800
12/21/2017,127.25,127.559998,126.849998,127.309998,121.187698,3023900
12/22/2017,127.519997,127.599998,126.949997,127.230003,121.111557,1604500
12/26/2017,127.449997,127.940002,126.989998,127.139999,121.025879,1052700
12/27/2017,127.459999,127.610001,126.919998,127.580002,121.444717,1810800
12/28/2017,127.730003,128.169998,127.290001,128.119995,121.95874,1413000
12/29/2017,128.320007,128.490005,127.57,127.57,121.435204,1806900
1/2/2018,127.900002,128.880005,127.169998,128.160004,121.996826,3095400
1/3/2018,129.490005,130.199997,129.320007,130.039993,123.786407,5008800
1/4/2018,130.820007,130.869995,130.199997,130.449997,124.176704,3663100
1/5/2018,131.100006,132.360001,130.460007,131.570007,125.242836,3672400
1/8/2018,135.190002,135.789993,132.199997,132.820007,126.432716,6624800
1/9/2018,133.320007,134.460007,133.029999,134.270004,127.813004,4231900
1/10/2018,134.119995,135.490005,133.75,134.899994,128.412704,3282900
1/11/2018,134.75,136.259995,134.75,134.990005,128.498367,4804200
1/12/2018,135.610001,136.580002,135.229996,136.580002,130.011887,5214300
1/16/2018,137.729996,137.729996,133.869995,133.970001,127.527412,5215900
1/17/2018,134.660004,134.949997,132.949997,134.419998,127.955772,3913800
1/18/2018,134.550003,135.660004,134.360001,134.610001,128.136642,3208600
1/19/2018,135.059998,135.899994,134.490005,135.899994,129.364594,3235300
1/22/2018,134.970001,135.470001,133.600006,135.210007,128.707809,4103800
1/23/2018,135.820007,136.479996,134.5,136.029999,129.488373,5727600
1/24/2018,135.020004,138.380005,134.020004,135.679993,129.155197,5542000
1/25/2018,136.830002,138.289993,136.009995,137.75,131.125641,4542400
1/26/2018,138.169998,138.5,136.679993,137.979996,131.344589,3203600
1/29/2018,138.050003,139.240005,136.509995,136.669998,130.09758,3480400
1/30/2018,136,137.039993,135.309998,136.5,129.935745,3571800
1/31/2018,137.119995,138.320007,136.550003,138.009995,131.373154,5909200
2/1/2018,136.990005,139,136.520004,138.320007,131.668243,4200300
2/2/2018,137.440002,137.940002,134.399994,134.610001,128.136642,4684700
2/5/2018,133.479996,134.139999,125.900002,127.239998,121.121071,6913000
2/6/2018,124.160004,129.809998,123.25,129.809998,123.567474,8672800
2/7/2018,129.389999,133.339996,129.059998,131.970001,125.623611,7906400
2/8/2018,131.850006,132.360001,127.370003,127.480003,121.349533,7357500
2/9/2018,129.149994,130.039993,122.209999,125.029999,119.017349,12116600
2/12/2018,123.07,128.520004,123,127.379997,121.254326,9548300
2/13/2018,126.360001,126.959999,124.970001,125.769997,119.721764,5067500
2/14/2018,124.980003,126.800003,123.949997,126.699997,120.60704,6949700
2/15/2018,127.989998,130.039993,127.790001,130,124.435829,4556700
2/16/2018,129.940002,131.009995,128.919998,129.259995,123.727509,4784700
2/20/2018,128.75,129.270004,125.879997,126.459999,121.047356,4634900
2/21/2018,126.730003,131.210007,126.480003,129.259995,123.727509,7766100
2/22/2018,130.800003,134.589996,130.800003,133.580002,127.862595,8072800
2/23/2018,134.580002,134.919998,131.380005,133.149994,127.451004,4604600
2/26/2018,133.820007,135.639999,133.759995,135.470001,129.671722,4750400
2/27/2018,135.639999,136.240005,133.880005,133.910004,128.178482,4309900
2/28/2018,134.119995,138.5,134,134.740005,128.972946,9229700
3/1/2018,135.199997,135.699997,129.779999,130.300003,124.723,6331800
3/2/2018,129.220001,130.300003,128.289993,129.940002,124.378403,5831100
3/5/2018,129.320007,132.399994,128.020004,131.710007,126.072655,4764500
3/6/2018,132.199997,132.369995,130.320007,131.610001,125.976921,3040200
3/7/2018,129.860001,131.270004,129.710007,130.929993,125.326012,2969200
3/8/2018,131.75,132.089996,129.630005,131.259995,125.641884,3951600
3/9/2018,131.809998,134.190002,131.509995,134.070007,128.331665,4172000
3/12/2018,134.699997,134.699997,131.100006,131.5,125.871613,3636700
3/13/2018,132.479996,132.509995,129.520004,130.149994,124.579414,3860500
3/14/2018,130.5,130.990005,128.149994,129.580002,124.033821,3243600
3/15/2018,130.160004,130.570007,127.870003,129.25,123.717934,3007600
3/16/2018,129.220001,129.839996,127.779999,128.330002,122.837311,7241800
3/19/2018,128,128.940002,126.129997,127.199997,121.755692,3819800
3/20/2018,127.25,128.669998,126.82,127.160004,121.7174,2814800
3/21/2018,127.129997,128.5,126.360001,127,121.56424,3487900
3/22/2018,126.059998,126.940002,123.919998,124.07,118.759651,4981900
3/23/2018,124.190002,125.129997,122.139999,122.309998,117.074974,3862900
3/26/2018,123.940002,126.870003,123.440002,126.639999,121.219643,11529900
3/27/2018,126.860001,128.179993,124.360001,125.279999,119.917854,9011400
3/28/2018,125.919998,126.029999,123.980003,124.449997,119.123383,3122100
3/29/2018,124.900002,126.650002,124.389999,125.82,120.434738,2837900
4/2/2018,125.650002,126.010002,121.209999,123.480003,118.194901,6596500
4/3/2018,123.589996,125.040001,122.669998,124.910004,119.563698,3804500
4/4/2018,121.120003,125.889999,120.660004,125.769997,120.386879,7261200
4/5/2018,126.449997,126.599998,124.959999,125.760002,120.377304,4078900
4/6/2018,124.580002,125.739998,122.209999,122.760002,117.505714,4454200
4/9/2018,123.849998,124.389999,122.099998,122.220001,116.988823,3555400
4/10/2018,124.040001,124.32,122.330002,122.959999,117.697151,4129200
4/11/2018,122.269997,123.300003,121.889999,122.449997,117.208977,2620900
4/12/2018,123.040001,123.860001,122.790001,123.25,117.974739,3232300
4/13/2018,123.790001,124,121.849998,122.709999,117.457855,3469000
4/16/2018,123.900002,124.029999,122.839996,123.809998,118.510773,3507400
4/17/2018,124.720001,125.949997,124.150002,124.529999,119.199974,4203400
4/18/2018,125.419998,125.440002,124.169998,124.800003,119.458405,4129200
4/19/2018,124.709999,125.57,123.150002,123.849998,118.549065,4824100
4/20/2018,124.870003,124.870003,122.5,123.080002,117.812019,5376900
4/23/2018,123.120003,123.510002,122.5,123.459999,118.175758,3280600
4/24/2018,126.5,127.309998,120.800003,122.099998,116.873962,8151500
4/25/2018,122.25,123,119.370003,121.449997,116.251793,4720900
4/26/2018,121.5,124.239998,120.82,122.82,117.563148,3586000
4/27/2018,122.290001,122.75,121.010002,122.459999,117.218559,2901100
4/30/2018,122.529999,122.790001,120.150002,120.150002,115.007423,4442100
5/1/2018,120,120.260002,117.040001,118.959999,113.868362,4146300
5/2/2018,118.959999,119.800003,118.18,118.5,113.428055,3058100
5/3/2018,117.519997,118.540001,115.400002,117.699997,112.662292,5074100
5/4/2018,117.43,120.150002,116.660004,119.510002,114.394829,6544600
5/7/2018,119.769997,121.470001,119.669998,120.889999,115.715752,2892700
5/8/2018,121,121.830002,120.68,121.790001,116.577232,3063500
5/9/2018,122.470001,123.209999,121.809998,123.110001,117.840736,3551800
5/10/2018,123.459999,124.290001,123,124.099998,118.788368,2338400
5/11/2018,123.93,124.910004,123.529999,124.480003,119.152092,2717500
5/14/2018,124.389999,125.639999,124.290001,124.980003,119.630699,4420400
5/15/2018,124.309998,124.75,123.459999,124.550003,119.219109,3384500
5/16/2018,125.029999,125.080002,124.110001,124.779999,119.439262,3689000
5/17/2018,124.489998,125.019997,123.800003,124.610001,119.949448,3329700
5/18/2018,124.589996,125.410004,124.169998,125.190002,120.507744,2310100
5/21/2018,125.970001,128.330002,125.970001,128.050003,123.260788,4701100
5/22/2018,128.259995,129.029999,127.639999,127.870003,123.087502,3962700
5/23/2018,126.839996,127.730003,126.089996,127.580002,122.80835,4008900
5/24/2018,127.300003,127.849998,126.599998,127.400002,122.635078,1835300
5/25/2018,127.449997,127.68,126.529999,127.029999,122.278923,1730100
5/29/2018,126.169998,126.580002,124.589996,125.110001,120.430733,2776100
5/30/2018,125.419998,126.650002,125.260002,126.199997,121.479973,2782600
5/31/2018,125.779999,125.919998,124.230003,124.82,120.151566,3417400
6/1/2018,125.940002,126.550003,125.279999,125.809998,121.104553,2679900
6/4/2018,126.400002,127.230003,126.010002,126.290001,121.566597,3219000
6/5/2018,126.029999,126.830002,125.139999,125.949997,121.239304,2171300
6/6/2018,126.57,126.82,125.849998,126.82,122.076782,2941600
6/7/2018,126.830002,127.669998,126.82,127.580002,122.80835,2513500
6/8/2018,126.93,127.690002,126.760002,127.610001,122.837234,2761800
6/11/2018,127.550003,128.610001,127.540001,128.169998,123.376282,3874100
6/12/2018,128.619995,128.759995,127.349998,127.849998,123.068245,2510800
6/13/2018,127.940002,128.160004,126.839996,126.940002,122.192299,2806100
6/14/2018,127.339996,127.739998,126.290001,126.940002,122.192299,3940100
6/15/2018,126.970001,127.370003,125.5,126.910004,122.163422,7458800
6/18/2018,126.550003,127.589996,126.080002,127.489998,122.72171,3892400
6/19/2018,127.040001,127.040001,124.730003,125.050003,120.372986,5816900
6/20/2018,125.489998,125.709999,124.669998,125.360001,120.671371,3942700
6/21/2018,125.18,125.18,123.18,123.480003,118.861702,4600600
6/22/2018,124.519997,125.139999,124.110001,124.870003,120.199715,3808000
6/25/2018,123.800003,124.779999,123.43,124.610001,119.949448,6310300
6/26/2018,124.989998,126.330002,124.169998,125.639999,120.94091,5580600
6/27/2018,126.389999,127.370003,124.339996,124.360001,119.708794,5201700
6/28/2018,124.029999,125.010002,123.480003,124.599998,119.939812,3282500
6/29/2018,124.860001,126.440002,124.82,125.029999,120.353714,3810900
7/2/2018,123.870003,125.040001,123.099998,125.029999,120.353714,4220700
7/3/2018,125.870003,126.970001,124.760002,124.919998,120.247841,2466000
7/5/2018,125.919998,125.919998,123.639999,124.949997,120.276711,3434200
7/6/2018,124.849998,125.849998,124.110001,125.400002,120.709892,2306700
7/9/2018,126.010002,126.989998,125.809998,126.68,121.942032,3398700
7/10/2018,126.839996,128.169998,126.559998,127.059998,122.307793,3198900
7/11/2018,125.82,125.82,124.220001,124.879997,120.209328,3653900
7/12/2018,125.959999,127.489998,125.019997,127.349998,122.586952,4612800
7/13/2018,127.550003,129.839996,127.300003,129.509995,124.666168,4643200
7/16/2018,129.539993,130.300003,128.779999,128.979996,124.155983,4061900
7/17/2018,129.179993,131,129.179993,130.710007,125.821304,4709700
7/18/2018,131.009995,132.639999,130.919998,131.690002,126.764626,3756600
7/19/2018,131.339996,131.550003,130.270004,130.360001,125.484383,2574100
7/20/2018,129.970001,130.979996,129.880005,130.259995,125.38813,3215800
7/23/2018,129.889999,130.130005,128.869995,129.369995,124.531403,3859600
7/24/2018,129.149994,134.330002,128.300003,134.240005,129.219254,8117000
7/25/2018,133.559998,134.979996,132.5,134.75,129.71019,5547500
7/26/2018,134.919998,136.660004,134.139999,135.839996,130.759415,6136500
7/27/2018,136.5,136.5,134.339996,134.529999,129.498428,3796000
7/30/2018,134.839996,135.039993,133,133.100006,128.121902,3695400
7/31/2018,134.070007,135.940002,134,135.740005,130.663162,5105400
8/1/2018,134.440002,136.339996,134.440002,134.899994,129.854568,3765100
8/2/2018,133.979996,134.679993,133.369995,134.119995,129.103745,2232800
8/3/2018,134.720001,134.720001,133.210007,133.889999,128.882355,1946600
8/6/2018,133.679993,134.119995,132.860001,133.940002,128.930496,1945800
8/7/2018,134.100006,134.869995,133.690002,134.490005,129.45993,2197400
8/8/2018,134.509995,134.929993,134.100006,134.710007,129.671692,1825500
8/9/2018,135.330002,136.580002,134.050003,134.240005,129.219254,3274800
8/10/2018,133.539993,133.75,132.289993,133.100006,128.121902,2407600
8/13/2018,133.039993,133.520004,131.600006,132.179993,127.23629,2527200
8/14/2018,132.690002,133,131.979996,132.419998,127.467331,3192800
8/15/2018,132,132.039993,129.610001,131.75,126.82238,4564900
8/16/2018,132.389999,133.589996,132.389999,133.309998,129.009476,4261400
8/17/2018,133.720001,134.800003,133.289993,134.440002,130.103043,4262600
8/20/2018,134.960007,135.429993,134.470001,135.139999,130.780441,5342400
8/21/2018,135.399994,136.470001,135.399994,135.979996,131.593338,2235200
8/22/2018,135.059998,135.089996,133.220001,133.240005,128.941742,3754100
8/23/2018,133.509995,133.509995,132.199997,132.619995,128.341751,3526200
8/24/2018,132.610001,133.460007,132.610001,133.360001,129.057861,2879600
8/27/2018,134.259995,135.699997,134.130005,135.360001,130.993347,3033100
8/28/2018,136,136.339996,134.309998,134.5,130.161102,2247900
8/29/2018,135.119995,135.119995,133.490005,133.619995,129.309479,3797800
8/30/2018,133.309998,133.5,132.210007,132.589996,128.312698,2901700
8/31/2018,132.119995,132.559998,130.990005,131.699997,127.451416,2757500
9/4/2018,131.949997,131.949997,130.529999,131.899994,127.644966,2928500
9/5/2018,131.5,132.929993,131.080002,132.779999,128.496582,2633800
9/6/2018,133.259995,134.589996,132.759995,133.520004,129.212723,3605000
9/7/2018,133.130005,133.270004,130.949997,132.009995,127.751411,3182400
9/10/2018,132.869995,134.25,132.869995,133.649994,129.338501,4197800
9/11/2018,133.639999,134,132.160004,133.610001,129.29982,2050000
9/12/2018,133.360001,134.5,133.179993,133.889999,129.57077,3492600
9/13/2018,134.279999,135.550003,133.979996,135.520004,131.148178,2801000
9/14/2018,135.690002,137.970001,135.690002,137.800003,133.354645,5488000
9/17/2018,137.820007,138.800003,137.440002,137.759995,133.315918,4762200
9/18/2018,137.979996,140.330002,137.460007,139.580002,135.077225,4314100
9/19/2018,139.160004,140.869995,139.149994,140.5,135.967545,3992700
9/20/2018,141.509995,142.610001,140.899994,141.850006,137.273987,3875800
9/21/2018,143.679993,144.149994,141.789993,142.080002,137.496552,7330700
9/24/2018,141.809998,143,139.850006,140.339996,135.812683,2532300
9/25/2018,140.190002,140.740005,139.399994,139.710007,135.203018,3270400
9/26/2018,139.610001,140.630005,138.869995,139.559998,135.057861,2368400
9/27/2018,140.009995,140.669998,138.690002,139.679993,135.173965,1836300
9/28/2018,139.649994,140.029999,139.130005,139.809998,135.299789,2476600
10/1/2018,141.149994,141.509995,140.259995,140.919998,136.373993,3315900
10/2/2018,140.949997,142.389999,140.589996,141.449997,136.886887,3699100
10/3/2018,141.970001,142.089996,140.800003,141.020004,136.470779,3437200
10/4/2018,141.100006,141.949997,139.309998,140.389999,135.861069,3404200
10/5/2018,140.389999,140.850006,138.610001,139.059998,134.574005,2881200
10/8/2018,139.029999,139.639999,137.429993,139.589996,135.086899,3173500
10/9/2018,139.270004,139.949997,135.690002,135.880005,131.496597,4768200
10/10/2018,135.220001,135.339996,131.039993,131.119995,126.890106,5734800
10/11/2018,130.869995,132.539993,128.509995,129.369995,125.196594,8131100
10/12/2018,131.190002,132.100006,127.620003,129.630005,125.448212,5133100
10/15/2018,129.839996,131.520004,129.169998,130.330002,126.125626,3258100
10/16/2018,130.880005,132.600006,129.619995,132.509995,128.235291,3509700
10/17/2018,132.149994,132.630005,129.539993,130.070007,125.874001,3728500
10/18/2018,129.600006,130.770004,128.089996,128.940002,124.780457,3411000
10/19/2018,128.490005,129.850006,127.589996,128.679993,124.528839,4574700
10/22/2018,128.679993,128.990005,125.699997,126.400002,122.322395,5482200
10/23/2018,125.75,131.039993,124.910004,130.020004,125.825623,7030600
10/24/2018,130.229996,131.289993,121.75,122.07,118.132072,8459700
10/25/2018,123.400002,125.480003,122.449997,124.400002,120.386925,4720800
10/26/2018,122.980003,125.050003,121.580002,123.230003,119.254669,4692600
10/29/2018,124.849998,125.459999,119.190002,121.089996,117.183693,4944200
10/30/2018,121.07,122.800003,120.400002,122.620003,118.66433,4861800
10/31/2018,124.080002,125.440002,123.43,124.209999,120.203041,6150500
11/1/2018,125.699997,127.940002,125.07,127.580002,123.464325,5591300
11/2/2018,128.850006,129.630005,126.220001,127.43,123.319176,6192100
11/5/2018,127.480003,127.870003,126.449997,127.25,123.144974,5477000
11/6/2018,127.300003,128.130005,126.660004,127.940002,123.812721,3254300
11/7/2018,128.990005,130.910004,128.039993,130.550003,126.338531,5399200
11/8/2018,130.899994,131.960007,130.369995,131.339996,127.10302,4747500
11/9/2018,131.389999,131.419998,129.690002,130.710007,126.493378,5007100
11/12/2018,130.940002,131.029999,128.089996,128.300003,124.161102,4197400
11/13/2018,128.839996,130.720001,128.229996,129.119995,124.954643,3432800
11/14/2018,130.050003,130.690002,128.589996,128.889999,124.732071,5749800
11/15/2018,127.209999,130.600006,126.650002,129.729996,126.265007,4599000
11/16/2018,129,130.929993,128.779999,130.130005,126.654327,5184400
11/19/2018,130,130,127.370003,127.849998,124.435211,4989700
11/20/2018,127.230003,127.230003,124.660004,126,122.634636,4386300
11/21/2018,126.290001,127.449997,125.68,125.709999,122.352379,2728700
11/23/2018,124.989998,130.279999,124.790001,129.039993,125.593422,9726100
11/26/2018,129.789993,132.399994,127.709999,127.980003,124.561752,10609800
11/27/2018,123.669998,125.139999,119.230003,122.68,119.403305,16869700
11/28/2018,123.25,123.489998,120.07,122.730003,119.451973,8533600
11/29/2018,122.790001,122.940002,120.080002,121.199997,117.962845,6155700
11/30/2018,120.760002,122.32,120.040001,121.839996,118.585739,9636700
12/3/2018,123.790001,125.989998,123.269997,123.599998,120.298744,6875600
12/4/2018,123.220001,123.43,119.300003,120.870003,117.641647,7686500
12/6/2018,119.510002,121.529999,118.449997,121.449997,118.206154,9333700
12/7/2018,121.169998,122.190002,119.129997,119.449997,116.259567,7503600
12/10/2018,119.019997,120.639999,116.900002,119.410004,116.22065,5317000
12/11/2018,122.099998,122.129997,118.639999,118.93,115.753471,4331800
12/12/2018,119.970001,121.43,119.559998,119.660004,116.463982,3087300
12/13/2018,120.169998,120.389999,118.870003,119.25,116.064934,5715000
12/14/2018,117.959999,119.449997,117.169998,118.800003,115.626945,4011600
12/17/2018,118.739998,118.879997,114.739998,115.309998,112.230164,5074500
12/18/2018,116.099998,117.440002,115.190002,115.779999,112.687599,3778200
12/19/2018,115.57,117.379997,113.07,113.800003,110.760483,10447500
12/20/2018,113.699997,113.82,108.889999,109.620003,106.692139,14285500
12/21/2018,109.669998,111.199997,106.059998,106.18,103.344009,12466000
12/24/2018,105.370003,105.739998,101.949997,102.059998,99.334053,4275400
12/26/2018,102.940002,106.419998,100.480003,106.010002,103.178558,7112400
12/27/2018,102.599998,105.760002,101.660004,105.760002,102.935226,6552600
12/28/2018,106.300003,107.18,104.93,105.339996,102.526443,5617000
12/31/2018,105.599998,106.480003,105.239998,106.480003,103.636002,4436300
1/2/2019,105.160004,108.349998,104.239998,108.300003,105.407379,5891600
1/3/2019,107.550003,108,103.230003,103.480003,100.716125,5591100
1/4/2019,104.120003,107.199997,103.510002,107.019997,104.161568,6345700
1/7/2019,107.059998,107.410004,105.540001,106.970001,104.112915,5232600
1/8/2019,108.839996,109.449997,107.349998,108.900002,105.991364,3745300
1/9/2019,109.559998,109.639999,108.540001,109.32,106.400146,4233400
1/10/2019,108.760002,110.540001,108.730003,110.410004,107.461029,3378300
1/11/2019,109.559998,109.980003,108.620003,109.949997,107.013321,3624800
1/14/2019,109.199997,111.480003,108.800003,110.849998,107.889275,3177800
1/15/2019,110.75,111.220001,109.540001,111.059998,108.093666,2797200
1/16/2019,111.089996,111.589996,110.449997,110.870003,107.908745,3887500
1/17/2019,110.370003,113.5,110.300003,112.769997,109.757996,3196500
1/18/2019,114.290001,114.699997,112.900002,113.900002,110.857826,4636100
1/22/2019,113.010002,113.160004,110.650002,111.059998,108.093666,5689100
1/23/2019,117.300003,119.339996,114.349998,117.040001,113.913948,12561900
1/24/2019,117.75,119.349998,114.540001,115.559998,112.473473,9035200
1/25/2019,116.339996,116.900002,115.080002,115.809998,112.716797,4641400
1/28/2019,115.199997,115.260002,113.769997,115.080002,112.006302,8911900
1/29/2019,115.57,118.220001,115.5,117.839996,114.692589,10829800
1/30/2019,118.599998,120.25,117.25,119.120003,115.938393,7317800
1/31/2019,119.57,119.57,117.629997,118.07,114.916435,6081400
2/1/2019,119.589996,120.029999,118.110001,118.980003,115.802132,4136300
2/4/2019,118.989998,119.25,117.879997,119.139999,115.957855,4944700
2/5/2019,119.82,120.790001,119.080002,120.769997,117.544327,4526200
2/6/2019,120.860001,121.730003,120.339996,121.360001,118.118568,3502500
2/7/2019,120.360001,120.989998,118.989998,120.720001,117.495659,4647400
2/8/2019,120.290001,122.519997,120.220001,122.489998,119.218384,3941900
2/11/2019,122.900002,123.110001,121.510002,122.720001,119.442245,3915900
2/12/2019,123.360001,124.349998,122.709999,123.980003,120.668587,3539500
2/13/2019,124.349998,124.889999,124.220001,124.419998,121.096832,2463600
2/14/2019,123.150002,124.389999,122.709999,124.129997,121.532516,3749300
2/15/2019,125.599998,127.910004,125.029999,127.760002,125.086563,6828400
2/19/2019,127.379997,129.139999,126.860001,128.639999,125.948151,6092500
2/20/2019,128.699997,129.639999,127.830002,128.429993,125.742531,6301200
2/21/2019,128.149994,128.589996,125.830002,126.32,123.676697,3259800
2/22/2019,128.050003,128.350006,126.800003,127.769997,125.096352,3158100
2/25/2019,128.699997,129.119995,128.160004,128.270004,125.585899,2672100
2/26/2019,127.779999,128.449997,126.769997,127.190002,124.528481,3397000
2/27/2019,127.080002,127.349998,126.099998,126.900002,124.24456,2498000
2/28/2019,126.690002,127.330002,125.57,125.669998,123.040291,4416200
3/1/2019,126.980003,127.349998,125.239998,125.769997,123.138199,3822000
3/4/2019,126.290001,127.400002,125.099998,125.739998,123.108833,3477700
3/5/2019,125.639999,126.839996,125.639999,125.940002,123.304649,3235900
3/6/2019,126.18,126.860001,125.370003,125.389999,122.766159,3519500
3/7/2019,125.010002,125.089996,122.919998,124.459999,121.855614,4163900
3/8/2019,123.849998,124.139999,122.290001,124.019997,121.42482,3091500
3/11/2019,121.580002,126.190002,121.480003,126.010002,123.373184,4655800
3/12/2019,125.709999,126.910004,124.519997,124.669998,122.061211,3844200
3/13/2019,124.970001,127.279999,124.970001,126.639999,123.989998,4854500
3/14/2019,126.639999,126.940002,125.709999,126.889999,124.234764,3925100
3/15/2019,127.169998,127.43,125.900002,125.919998,123.285065,9689700
3/18/2019,126.110001,127,125.529999,126.900002,124.24456,3889900
3/19/2019,127.620003,128.169998,125.910004,126.510002,123.862724,2960400
3/20/2019,126.440002,126.5,124.529999,125.309998,122.68782,2945800
3/21/2019,124.550003,127.18,124.330002,126.879997,124.224976,2597800
3/22/2019,126,126.330002,123.449997,125.150002,122.531174,3872200
3/25/2019,124.959999,125.830002,124.589996,125.400002,122.775948,2270900
3/26/2019,126.18,126.949997,125.059998,126.139999,123.500458,3204200
3/27/2019,126.120003,127.139999,125.639999,126.300003,123.657112,2728800
3/28/2019,126.709999,127.400002,126.190002,127.269997,124.606812,1872100
3/29/2019,128.259995,129.089996,127.480003,128.889999,126.192917,3045700
4/1/2019,129.990005,133.429993,129.990005,133.190002,130.402924,5300800
4/2/2019,133.070007,133.369995,131.550003,131.899994,129.139923,2905500
4/3/2019,132.610001,132.720001,130.610001,131.309998,128.562271,2840000
4/4/2019,131.5,133.270004,130.850006,132.699997,129.923172,2231700
4/5/2019,133.160004,133.800003,132.559998,133.720001,130.92186,2500800
4/8/2019,132.330002,133.630005,131.190002,133.559998,130.765182,2717700
4/9/2019,132.649994,132.910004,131.199997,132.25,129.48262,2089800
4/10/2019,132.289993,132.330002,130.259995,131.660004,128.904953,2721600
4/11/2019,131.770004,133,131.479996,132.820007,130.04068,1741900
4/12/2019,133.820007,135.320007,133.649994,135.300003,132.468781,2865500
4/15/2019,135,135.259995,134.070007,134.550003,131.734482,1874900
4/16/2019,134.860001,135.360001,134.410004,135.339996,132.50795,1999000
4/17/2019,135.589996,136.300003,134.729996,135.789993,132.948517,2785000
4/18/2019,136.009995,137.75,136.009995,137,134.133209,2498500
4/22/2019,136.350006,137.470001,135.690002,136.910004,134.04512,2954200
4/23/2019,139.889999,142.360001,138.880005,140.020004,137.090027,5683200
4/24/2019,139.669998,140.169998,137.929993,139.589996,136.669006,2734300
4/25/2019,138.740005,140.25,138.029999,139.729996,136.806076,2336300
4/26/2019,140,140.830002,139.580002,140.779999,137.834122,2059800
4/29/2019,141,142.509995,140.860001,142.119995,139.146088,3409300
4/30/2019,142.440002,142.919998,141.630005,142.610001,139.625809,3293100
5/1/2019,143,144.399994,141.520004,141.580002,138.617386,2194800
5/2/2019,140.770004,141.460007,138.789993,139.800003,136.874619,2756300
5/3/2019,141.050003,141.690002,139.960007,141.630005,138.666336,2840400
5/6/2019,138.789993,140.669998,137.899994,140.199997,137.266251,2376400
5/7/2019,138.339996,138.669998,134.679993,135.440002,132.605835,4905300
5/8/2019,135.5,138.149994,135.339996,137.070007,134.201752,2396300
5/9/2019,135.460007,137.130005,134.020004,136.860001,133.996155,2559200
5/10/2019,135.229996,137.339996,133.570007,137.169998,134.299652,2652500
5/13/2019,134.029999,134.669998,130.389999,131.960007,129.198669,4119000
5/14/2019,132.009995,135.009995,132.009995,133.979996,131.176392,2709300
5/15/2019,132.800003,134.820007,131.660004,133.979996,131.176392,2430200
5/16/2019,134.039993,136.070007,133.440002,135.25,133.150284,2809200
5/17/2019,134.130005,135.460007,133.550003,133.75,131.673569,1605600
5/20/2019,133.169998,133.759995,132.630005,133.479996,131.407761,1945600
5/21/2019,134.899994,136.169998,134.259995,136.029999,133.918152,2190600
5/22/2019,135.360001,136.320007,134.940002,135.410004,133.3078,1942600
5/23/2019,132.520004,133.820007,129.389999,130.449997,128.424789,5653600
5/24/2019,130.639999,131.880005,130.009995,131.399994,129.360046,3116800
5/28/2019,131.630005,133.080002,129.880005,129.919998,127.903015,4040100
5/29/2019,129.190002,129.789993,128.309998,129.470001,127.460014,2797100
5/30/2019,129.539993,130.330002,128.029999,128.399994,126.406616,2748600
5/31/2019,127.269997,127.410004,125.529999,126.300003,124.339226,3553700
6/3/2019,126.449997,128.210007,125.940002,126.860001,124.890533,2711000
6/4/2019,128.309998,129.690002,127.519997,129.369995,127.361565,2395200
6/5/2019,130.490005,131.399994,129.550003,131.360001,129.320663,2372900
6/6/2019,131.460007,132.169998,130.479996,131.669998,129.62587,2012000
6/7/2019,132.110001,132.970001,131.839996,132.149994,130.098404,1844400
6/10/2019,135.5,135.729996,127.980003,128.009995,126.022675,13783300
6/11/2019,128.220001,128.289993,122.18,122.940002,121.031395,10972300
6/12/2019,124.050003,125.410004,123.610001,124.07,122.143845,9971900
6/13/2019,124.739998,124.970001,122.919998,124.809998,122.872353,4604800
6/14/2019,126.110001,126.5,124.919998,125.300003,123.354752,3066800
6/17/2019,125.720001,125.970001,123.110001,124.230003,122.301361,3346500
6/18/2019,125.059998,126.980003,125.059998,126.620003,124.654259,4536300
6/19/2019,127.099998,127.389999,126.32,126.760002,124.792084,3255100
6/20/2019,128.300003,130.220001,127.870003,130.029999,128.011307,4346700
6/21/2019,129.809998,130.860001,128.580002,128.75,126.75119,5718900
6/24/2019,130.119995,130.990005,129.5,130.179993,128.158966,3676900
6/25/2019,130.190002,130.860001,128.699997,129.020004,127.016998,2794100
6/26/2019,129.039993,129.649994,127.720001,127.760002,125.776566,2922500
6/27/2019,128.210007,129.190002,127.760002,128.970001,126.967773,2013500
6/28/2019,129.059998,130.589996,128.149994,130.199997,128.178665,5435800
7/1/2019,131.179993,132.080002,130.839996,131.339996,129.30098,3922800
7/2/2019,131.639999,132.300003,131.240005,131.960007,129.911362,3395000
7/3/2019,132.449997,133.070007,131.710007,133,130.935211,2037600
7/5/2019,132.75,132.75,130.850006,132.539993,130.482346,3546900
7/8/2019,131.880005,132.070007,130.279999,130.869995,128.838257,3202300
7/9/2019,130.100006,130.529999,128.940002,130.389999,128.365723,3022800
7/10/2019,131,132.259995,130.190002,130.449997,128.424789,2339300
7/11/2019,130.440002,131.789993,130.070007,131.339996,129.30098,2438100
7/12/2019,131.910004,133.809998,131.710007,133.720001,131.644028,3202300
7/15/2019,133.259995,133.830002,132.880005,133.229996,131.161636,2378700
7/16/2019,133.350006,133.679993,132.710007,133.190002,131.122269,3200200
7/17/2019,133.059998,133.25,130.070007,130.100006,128.080231,2736100
7/18/2019,129.880005,131.350006,129.759995,131.300003,129.261597,2918900
7/19/2019,131.639999,132.880005,130.929993,132.389999,130.334686,3234100
7/22/2019,132.289993,133.190002,131.550003,132.949997,130.885986,3398000
7/23/2019,136.320007,136.5,132.009995,134.940002,132.845093,8090100
7/24/2019,134.380005,136.869995,133.970001,134.25,132.165817,3577200
7/25/2019,134.919998,138.309998,134.899994,136.360001,134.243042,3989700
7/26/2019,135.809998,136.679993,135.289993,135.630005,133.524384,2216100
7/29/2019,135.559998,136.369995,135.380005,135.720001,133.612976,2051400
7/30/2019,135.380005,135.720001,134.440002,135.300003,133.199509,2255600
7/31/2019,135.25,136.029999,133,133.600006,131.525894,3366100
8/1/2019,133.309998,135.509995,131.660004,131.839996,129.793213,2916000
8/2/2019,131.429993,131.869995,129.410004,130.809998,128.779205,2167200
8/5/2019,128.839996,128.929993,124.730003,125.75,123.797768,3979100
8/6/2019,125.5,129.059998,125.5,128.800003,126.800423,3802900
8/7/2019,127.120003,130.119995,125.139999,129.009995,127.007141,4301700
8/8/2019,129.580002,131.690002,129.580002,131.479996,129.438797,2676600
8/9/2019,131.399994,132.020004,129.529999,131.240005,129.20253,2370900
8/12/2019,129.850006,130.229996,127.529999,128.020004,126.032524,2536900
8/13/2019,127.860001,130.710007,127.699997,128.949997,126.948082,2400200
8/14/2019,127.099998,127.260002,123.769997,124.300003,122.37027,3359200
8/15/2019,124,124.419998,122.440002,123.739998,122.543579,3962000
8/16/2019,124.989998,125.68,124.019997,125.050003,123.840919,2532000
8/19/2019,126.730003,127.309998,125.989998,126.639999,125.415543,1823100
8/20/2019,125.980003,127.269997,125.410004,126.68,125.455154,1989600
8/21/2019,127.900002,128.220001,126.790001,127.330002,126.098877,1719500
8/22/2019,128,128.399994,126.32,127.959999,126.722786,1632000
8/23/2019,126.68,127.800003,122.82,123.419998,122.226677,3481800
8/26/2019,124.980003,125.669998,123.639999,125.489998,124.276657,2093100
8/27/2019,125.440002,126,123.980003,124.57,123.365562,2177200
8/28/2019,124.349998,126.959999,123.809998,126.870003,125.643326,2046600
8/29/2019,128.009995,130.270004,128.009995,129.509995,128.257797,4575900
8/30/2019,130.240005,131.199997,130.179993,130.240005,128.980743,2330100
9/3/2019,128.669998,129.179993,127.639999,128.970001,127.723015,2535200
9/4/2019,130.690002,131.729996,130.279999,131.050003,129.782913,2256200
9/5/2019,133.080002,133.699997,132.5,133.029999,131.743759,2662900
9/6/2019,133.809998,134.25,133.149994,133.690002,132.397369,2124300
9/9/2019,134.649994,135.399994,133.850006,134.110001,132.813324,2313300
9/10/2019,134.100006,134.720001,132.830002,133.910004,132.61525,2864900
9/11/2019,133.5,136,133.080002,135.949997,134.635513,2867900
9/12/2019,136.460007,137.990005,136.199997,137.460007,136.130936,3024500
9/13/2019,138,139.399994,137.460007,138.059998,136.725128,3025500
9/16/2019,139.020004,139.020004,137.320007,138.080002,136.744949,2112000
9/17/2019,137.389999,137.740005,136.630005,137.210007,135.883347,2120400
9/18/2019,136.919998,137.789993,135.949997,137.660004,136.328995,1745500
9/19/2019,137.940002,138.020004,136.809998,137.529999,136.200241,2189700
9/20/2019,137.600006,138.460007,135.559998,135.570007,134.259216,5311300
9/23/2019,134.410004,136.130005,134.100006,135.669998,134.358231,2603900
9/24/2019,136.039993,136.199997,134.660004,135.479996,134.170074,2836300
9/25/2019,135.940002,137.149994,135.139999,136.830002,135.507034,2113200
9/26/2019,136.759995,138.289993,136.509995,137.529999,136.200241,2692600
9/27/2019,138.029999,138.240005,136.190002,136.389999,135.071289,2136800
9/30/2019,137.149994,137.190002,136.169998,136.520004,135.200012,2567100
10/1/2019,136.940002,137.690002,133.210007,133.789993,132.496414,3485900
10/2/2019,132.830002,133,129.820007,130.470001,129.208511,3257100
10/3/2019,130.759995,131.330002,128.630005,131.210007,129.94136,2900600
10/4/2019,131.289993,133.309998,130.949997,133.210007,131.922028,1894200
10/7/2019,132.789993,133.960007,132.130005,132.690002,131.407043,1675300
10/8/2019,131.330002,132.389999,130.339996,130.789993,129.525406,2499000
10/9/2019,131.699997,132.639999,131.119995,131.960007,130.684113,2432000
10/10/2019,131.899994,134.059998,131.300003,133.919998,132.625153,2335200
10/11/2019,135.070007,137.190002,135,136.149994,134.833603,3051900
10/14/2019,136,136.449997,135.330002,135.919998,134.60582,1660000
10/15/2019,136.270004,137.720001,136.139999,136.149994,134.833603,2494700
10/16/2019,135.940002,137.220001,135.669998,136.710007,135.388199,2101400
10/17/2019,137.300003,138.740005,137.169998,138.169998,136.834061,2582600
10/18/2019,138.229996,138.440002,136.509995,136.800003,135.47731,3406700
10/21/2019,138.169998,139,137.740005,138.350006,137.012329,3745600
10/22/2019,140.820007,142.240005,138.929993,141.410004,140.04274,6635800
10/23/2019,140.830002,141.440002,139.210007,139.910004,138.557236,3350700
10/24/2019,140.5,143.839996,140.029999,143.440002,142.053116,4553400
10/25/2019,143.350006,144.199997,142.809998,142.960007,141.577759,3193300
10/28/2019,143.270004,144.630005,142.309998,143.039993,141.656982,2374500
10/29/2019,142.449997,143.509995,141.729996,142,140.627045,3554000
10/30/2019,142.25,144.270004,142,143.839996,142.449234,2542600
10/31/2019,143.440002,143.839996,142.669998,143.580002,142.191757,3053900
11/1/2019,144.389999,146.789993,144.339996,146.679993,145.26178,4055600
11/4/2019,147.490005,147.990005,146.399994,147.509995,146.083755,4294000
11/5/2019,147.660004,148.570007,146.699997,147.850006,146.420486,4061300
11/6/2019,147.820007,148.380005,147.130005,148.309998,146.876022,3156500
11/7/2019,148.820007,149.350006,148.449997,148.729996,147.291962,2773500
11/8/2019,147.470001,149.020004,147.330002,148.880005,147.440521,1700200
11/11/2019,148,148.619995,147.529999,148.220001,146.786896,1473400
11/12/2019,148.399994,149.039993,148,148.389999,146.955246,1612600
11/13/2019,147.880005,148.509995,147.429993,148.309998,146.876022,1841600
11/14/2019,147.449997,148.440002,147.449997,148.110001,147.408493,1735400
11/15/2019,148.279999,149.809998,148.25,149.360001,148.652573,1989200
11/18/2019,149.110001,149.279999,148.440002,149.110001,148.403748,1855800
11/19/2019,149.619995,149.649994,148.350006,148.369995,147.667252,2829300
11/20/2019,148.009995,148.580002,146.089996,146.649994,145.955399,2645900
11/21/2019,146.639999,147.949997,146.300003,147.300003,146.602325,2348100
11/22/2019,148.25,148.529999,147.179993,147.699997,147.000427,2381100
11/25/2019,148.559998,148.740005,147.199997,147.520004,146.821289,2403000
11/26/2019,147.699997,148.619995,147.399994,148.119995,147.418442,3601400
11/27/2019,148.380005,149.050003,147.690002,148.820007,148.115128,1511300
11/29/2019,148.529999,148.610001,147.5,148.339996,147.63739,991500
12/2/2019,148.389999,148.610001,144.880005,144.990005,144.303268,3852700
12/3/2019,143.929993,144.199997,142.779999,143.729996,143.049225,3737400
12/4/2019,144.940002,145.869995,144.300003,144.520004,143.835495,3039100
12/5/2019,145.490005,145.570007,144.410004,145.259995,144.571976,2341500
12/6/2019,147.139999,147.389999,146.210007,146.990005,146.293793,2607900
12/9/2019,146.899994,147.350006,146.149994,146.220001,145.527435,1512300
12/10/2019,145.770004,146,145.350006,145.369995,144.681458,2672600
12/11/2019,146.580002,147.369995,145.990005,147.270004,146.572464,2267900
12/12/2019,147.899994,149.639999,147.179993,149.410004,148.702332,2723400
12/13/2019,148.270004,150.149994,148.270004,149.070007,148.363953,2368100
12/16/2019,149.729996,150.669998,149.110001,149.460007,148.752106,3248900
12/17/2019,149.199997,149.380005,147.949997,148.619995,147.916061,3624400
12/18/2019,148.100006,148.610001,147.190002,147.710007,147.010391,3799200
12/19/2019,148.309998,149.160004,147.199997,148.710007,148.005646,2992600
12/20/2019,150.899994,150.899994,149.199997,149.490005,148.781952,4564300
12/23/2019,149.960007,150.550003,149.559998,149.820007,149.110397,2744700
12/24/2019,150.070007,150.320007,149.440002,149.570007,148.861588,1004900
12/26/2019,149.949997,150.759995,149.75,150.710007,149.996185,1404200
12/27/2019,151,151.070007,150.050003,150.279999,149.568207,1842700
12/30/2019,150.440002,150.800003,149.580002,149.880005,149.170105,1683200
12/31/2019,149.789993,150.210007,149.100006,149.759995,149.050674,2030900
1/2/2020,149.740005,153.220001,149.740005,153.139999,152.414658,2801500
1/3/2020,150.929993,154.649994,150.509995,153.350006,152.623672,3127600
1/6/2020,153.449997,153.839996,152.5,153.679993,152.952103,2605100
1/7/2020,151.899994,153.630005,151.899994,153.190002,152.464432,2736800
1/8/2020,153.119995,154.550003,152.729996,153.419998,152.693329,2374100
1/9/2020,153.800003,154.190002,153.119995,153.649994,152.922241,2940500
1/10/2020,154.009995,154.009995,151.429993,151.860001,151.140732,2898200
1/13/2020,152.020004,152.5,151.429993,152.050003,151.329834,3090000
1/14/2020,151.369995,152.410004,151.119995,151.539993,150.822235,3138900
1/15/2020,151.639999,153.070007,151.149994,151.960007,151.240265,3107000
1/16/2020,152.610001,154.020004,152.610001,153.550003,152.822723,3569100
1/17/2020,154.309998,155.529999,153.679993,154.399994,153.668686,4635300
1/21/2020,153.860001,155.509995,152.779999,154.470001,153.738373,4907100
1/22/2020,154.380005,155.059998,153.330002,153.789993,153.061584,3490800
1/23/2020,153.610001,154.240005,152.589996,153.800003,153.071548,4008400
1/24/2020,153.399994,154.419998,152.389999,153.190002,152.464432,3699900
1/27/2020,150.990005,151.960007,150.009995,151.029999,150.314651,4335700
1/28/2020,150.529999,154.410004,148.050003,152.860001,152.135986,5716600
1/29/2020,153.919998,153.949997,151.470001,152.820007,152.096191,3826200
1/30/2020,151.440002,154.210007,151.440002,154,153.270584,4379400
1/31/2020,153.199997,153.580002,149.619995,150.199997,149.488586,4609900
2/3/2020,151.059998,152.309998,149.789993,149.949997,149.239777,4688500
2/4/2020,151.449997,153.330002,151.410004,153,152.27533,3832700
2/5/2020,154.699997,155.630005,153.399994,155.630005,154.892868,3604600
2/6/2020,156.369995,156.740005,155.179993,156.199997,155.460175,3783300
2/7/2020,156,157.860001,155.610001,156.830002,156.087189,4962900
2/10/2020,157.619995,157.979996,154.970001,156.550003,155.808517,4040200
2/11/2020,158.220001,158.440002,154.869995,155.25,154.514664,5397800
